{
  "templateId": "templates/advanced-jsonata-example.yaml",
  "data": {
    "customer": {
      "firstName": "Robert",
      "lastName": "Johnson",
      "isPremium": true
    },
    "orderDate": 1704124800000,
    "discount": 25.50,
    "items": [
      {
        "name": "Widget A",
        "price": 25.00,
        "quantity": 3
      },
      {
        "name": "Widget B",
        "price": 75.00,
        "quantity": 2
      },
      {
        "name": "Widget C",
        "price": 40.00,
        "quantity": 1
      },
      {
        "name": "Widget D",
        "price": 125.00,
        "quantity": 1
      }
    ]
  }
}
