{
  "templateId": "pdfbox-viewmodel-example",
  "data": {
    "invoiceNumber": "INV-VM-999",
    "date": "2026-01-05",
    "customer": {
      "companyName": "Jane Smith",
      "address": {
        "street": "456 Oak Ave",
        "city": "Seattle",
        "state": "WA",
        "zipCode": "98101"
      },
      "email": "jane.smith@example.com"
    },
    "total": 1250.50,
    "items": [
      { "description": "Premium Service", "quantity": 1, "unitPrice": 1000.00 },
      { "description": "Setup Fee", "quantity": 1, "unitPrice": 250.50 }
    ]
  }
}
